Step;Time (s)
100;0.006970099995669443
1000;0.6083322999984375
10000;61.90696029999526
